fila,subfila,columna,subcolumna,valor
Andalucía,,1995,EXPORT,"6103865,92"
Aragón,,1995,EXPORT,"4213840,71"
"Asturias, Principado de",,1995,EXPORT,"1004498,08"
"Balears, Illes",,1995,EXPORT,"578334,13"
Canarias,,1995,EXPORT,"596745,61"
Cantabria,,1995,EXPORT,"850777,09"
Castilla y León,,1995,EXPORT,"4374510,49"
Castilla-La Mancha,,1995,EXPORT,"1042200,50"
Cataluña,,1995,EXPORT,"17973856,55"
Comunitat Valenciana,,1995,EXPORT,"9860749,42"
Extremadura,,1995,EXPORT,"362554,76"
Galicia,,1995,EXPORT,"3459861,01"
"Madrid, Comunidad de",,1995,EXPORT,"7008089,40"
"Murcia, Región de",,1995,EXPORT,"1710133,98"
"Navarra, Comunidad Foral de",,1995,EXPORT,"2842676,93"
País Vasco,,1995,EXPORT,"6217834,10"
"Rioja, La",,1995,EXPORT,"444909,61"
Ceuta,,1995,EXPORT,
Melilla,,1995,EXPORT,
No determinado,,1995,EXPORT,"1316772,61"
Andalucía,,1995,IMPORT,"6254658,38"
Aragón,,1995,IMPORT,"3395993,67"
"Asturias, Principado de",,1995,IMPORT,"1174737,97"
"Balears, Illes",,1995,IMPORT,"797880,29"
Canarias,,1995,IMPORT,"2319913,59"
Cantabria,,1995,IMPORT,"1024897,60"
Castilla y León,,1995,IMPORT,"4378095,29"
Castilla-La Mancha,,1995,IMPORT,"1482960,32"
Cataluña,,1995,IMPORT,"25731028,24"
Comunitat Valenciana,,1995,IMPORT,"6983369,76"
Extremadura,,1995,IMPORT,"204856,90"
Galicia,,1995,IMPORT,"3935995,75"
"Madrid, Comunidad de",,1995,IMPORT,"18909188,96"
"Murcia, Región de",,1995,IMPORT,"1504804,17"
"Navarra, Comunidad Foral de",,1995,IMPORT,"1720629,36"
País Vasco,,1995,IMPORT,"5778118,56"
"Rioja, La",,1995,IMPORT,"349162,38"
Ceuta,,1995,IMPORT,
Melilla,,1995,IMPORT,
No determinado,,1995,IMPORT,"1196008,33"
Andalucía,,1996,EXPORT,"6881355,02"
Aragón,,1996,EXPORT,"4358319,34"
"Asturias, Principado de",,1996,EXPORT,"1121938,78"
"Balears, Illes",,1996,EXPORT,"731685,11"
Canarias,,1996,EXPORT,"544746,60"
Cantabria,,1996,EXPORT,"909876,74"
Castilla y León,,1996,EXPORT,"4684792,58"
Castilla-La Mancha,,1996,EXPORT,"1129581,32"
Cataluña,,1996,EXPORT,"20725771,37"
Comunitat Valenciana,,1996,EXPORT,"10744185,54"
Extremadura,,1996,EXPORT,"393457,00"
Galicia,,1996,EXPORT,"4227547,35"
"Madrid, Comunidad de",,1996,EXPORT,"7889025,86"
"Murcia, Región de",,1996,EXPORT,"1891122,58"
"Navarra, Comunidad Foral de",,1996,EXPORT,"3015925,52"
País Vasco,,1996,EXPORT,"7086999,52"
"Rioja, La",,1996,EXPORT,"560021,15"
Ceuta,,1996,EXPORT,"1801,63"
Melilla,,1996,EXPORT,"328,45"
No determinado,,1996,EXPORT,"1313617,22"
Andalucía,,1996,IMPORT,"6805143,49"
Aragón,,1996,IMPORT,"3523371,92"
"Asturias, Principado de",,1996,IMPORT,"1129677,77"
"Balears, Illes",,1996,IMPORT,"884689,31"
Canarias,,1996,IMPORT,"2319509,52"
Cantabria,,1996,IMPORT,"1032283,64"
Castilla y León,,1996,IMPORT,"4574261,33"
Castilla-La Mancha,,1996,IMPORT,"1557138,73"
Cataluña,,1996,IMPORT,"27008825,24"
Comunitat Valenciana,,1996,IMPORT,"7438531,51"
Extremadura,,1996,IMPORT,"209073,75"
Galicia,,1996,IMPORT,"4621861,08"
"Madrid, Comunidad de",,1996,IMPORT,"22168100,94"
"Murcia, Región de",,1996,IMPORT,"1450300,62"
"Navarra, Comunidad Foral de",,1996,IMPORT,"1742443,40"
País Vasco,,1996,IMPORT,"5772096,89"
"Rioja, La",,1996,IMPORT,"404515,72"
Ceuta,,1996,IMPORT,"123834,36"
Melilla,,1996,IMPORT,"146181,06"
No determinado,,1996,IMPORT,"1267639,44"
Andalucía,,1997,EXPORT,"8696581,15"
Aragón,,1997,EXPORT,"4880965,65"
"Asturias, Principado de",,1997,EXPORT,"1377125,44"
"Balears, Illes",,1997,EXPORT,"606996,94"
Canarias,,1997,EXPORT,"734675,52"
Cantabria,,1997,EXPORT,"1019398,30"
Castilla y León,,1997,EXPORT,"5355766,31"
Castilla-La Mancha,,1997,EXPORT,"1408959,04"
Cataluña,,1997,EXPORT,"24661663,05"
Comunitat Valenciana,,1997,EXPORT,"12381478,32"
Extremadura,,1997,EXPORT,"524768,15"
Galicia,,1997,EXPORT,"4876493,49"
"Madrid, Comunidad de",,1997,EXPORT,"9595427,22"
"Murcia, Región de",,1997,EXPORT,"2207296,37"
"Navarra, Comunidad Foral de",,1997,EXPORT,"3401037,33"
País Vasco,,1997,EXPORT,"9293716,61"
"Rioja, La",,1997,EXPORT,"714663,94"
Ceuta,,1997,EXPORT,"1979,08"
Melilla,,1997,EXPORT,"540,61"
No determinado,,1997,EXPORT,"1679835,83"
Andalucía,,1997,IMPORT,"8080120,13"
Aragón,,1997,IMPORT,"3964724,44"
"Asturias, Principado de",,1997,IMPORT,"1402896,83"
"Balears, Illes",,1997,IMPORT,"1034725,92"
Canarias,,1997,IMPORT,"2730813,06"
Cantabria,,1997,IMPORT,"1148179,78"
Castilla y León,,1997,IMPORT,"5183523,70"
Castilla-La Mancha,,1997,IMPORT,"1835020,80"
Cataluña,,1997,IMPORT,"31746547,97"
Comunitat Valenciana,,1997,IMPORT,"8609606,37"
Extremadura,,1997,IMPORT,"229869,50"
Galicia,,1997,IMPORT,"5360516,28"
"Madrid, Comunidad de",,1997,IMPORT,"25655046,96"
"Murcia, Región de",,1997,IMPORT,"1727898,28"
"Navarra, Comunidad Foral de",,1997,IMPORT,"2316662,36"
País Vasco,,1997,IMPORT,"6408266,91"
"Rioja, La",,1997,IMPORT,"450506,88"
Ceuta,,1997,IMPORT,"108923,70"
Melilla,,1997,IMPORT,"124163,20"
No determinado,,1997,IMPORT,"1350679,08"
Andalucía,,1998,EXPORT,"8132575,22"
Aragón,,1998,EXPORT,"5021427,76"
"Asturias, Principado de",,1998,EXPORT,"1364940,14"
"Balears, Illes",,1998,EXPORT,"495042,16"
Canarias,,1998,EXPORT,"608486,43"
Cantabria,,1998,EXPORT,"1099337,99"
Castilla y León,,1998,EXPORT,"6600216,12"
Castilla-La Mancha,,1998,EXPORT,"1733706,31"
Cataluña,,1998,EXPORT,"26924061,49"
Comunitat Valenciana,,1998,EXPORT,"13020265,41"
Extremadura,,1998,EXPORT,"558648,44"
Galicia,,1998,EXPORT,"5347270,09"
"Madrid, Comunidad de",,1998,EXPORT,"10437439,89"
"Murcia, Región de",,1998,EXPORT,"2533981,64"
"Navarra, Comunidad Foral de",,1998,EXPORT,"3962762,10"
País Vasco,,1998,EXPORT,"9705401,12"
"Rioja, La",,1998,EXPORT,"762831,93"
Ceuta,,1998,EXPORT,"235,50"
Melilla,,1998,EXPORT,"9703,75"
No determinado,,1998,EXPORT,"1531124,29"
Andalucía,,1998,IMPORT,"7330468,53"
Aragón,,1998,IMPORT,"4349291,56"
"Asturias, Principado de",,1998,IMPORT,"1517452,82"
"Balears, Illes",,1998,IMPORT,"1042079,53"
Canarias,,1998,IMPORT,"2788704,25"
Cantabria,,1998,IMPORT,"1424906,18"
Castilla y León,,1998,IMPORT,"6687222,72"
Castilla-La Mancha,,1998,IMPORT,"2262297,92"
Cataluña,,1998,IMPORT,"35764302,86"
Comunitat Valenciana,,1998,IMPORT,"9450975,82"
Extremadura,,1998,IMPORT,"284857,26"
Galicia,,1998,IMPORT,"6273535,19"
"Madrid, Comunidad de",,1998,IMPORT,"29867891,30"
"Murcia, Región de",,1998,IMPORT,"1847858,15"
"Navarra, Comunidad Foral de",,1998,IMPORT,"2884456,94"
País Vasco,,1998,IMPORT,"6905852,10"
"Rioja, La",,1998,IMPORT,"490086,84"
Ceuta,,1998,IMPORT,"168344,61"
Melilla,,1998,IMPORT,"210556,44"
No determinado,,1998,IMPORT,"1304968,61"
Andalucía,,1999,EXPORT,"8623581,46"
Aragón,,1999,EXPORT,"4815191,43"
"Asturias, Principado de",,1999,EXPORT,"1323639,72"
"Balears, Illes",,1999,EXPORT,"832680,77"
Canarias,,1999,EXPORT,"639462,26"
Cantabria,,1999,EXPORT,"1137167,04"
Castilla y León,,1999,EXPORT,"7411806,96"
Castilla-La Mancha,,1999,EXPORT,"1591810,31"
Cataluña,,1999,EXPORT,"27677077,95"
Comunitat Valenciana,,1999,EXPORT,"13565823,42"
Extremadura,,1999,EXPORT,"629363,06"
Galicia,,1999,EXPORT,"6011132,35"
"Madrid, Comunidad de",,1999,EXPORT,"11610736,19"
"Murcia, Región de",,1999,EXPORT,"2695534,87"
"Navarra, Comunidad Foral de",,1999,EXPORT,"4088075,64"
País Vasco,,1999,EXPORT,"9865527,89"
"Rioja, La",,1999,EXPORT,"779434,79"
Ceuta,,1999,EXPORT,"9986,43"
Melilla,,1999,EXPORT,"1093,52"
No determinado,,1999,EXPORT,"1479501,08"
Andalucía,,1999,IMPORT,"8673550,11"
Aragón,,1999,IMPORT,"4846002,26"
"Asturias, Principado de",,1999,IMPORT,"1557860,79"
"Balears, Illes",,1999,IMPORT,"1468110,62"
Canarias,,1999,IMPORT,"3135512,45"
Cantabria,,1999,IMPORT,"1445680,06"
Castilla y León,,1999,IMPORT,"7704262,72"
Castilla-La Mancha,,1999,IMPORT,"2720834,58"
Cataluña,,1999,IMPORT,"39924630,33"
Comunitat Valenciana,,1999,IMPORT,"10580901,99"
Extremadura,,1999,IMPORT,"346778,07"
Galicia,,1999,IMPORT,"6599888,45"
"Madrid, Comunidad de",,1999,IMPORT,"35259166,24"
"Murcia, Región de",,1999,IMPORT,"2083428,60"
"Navarra, Comunidad Foral de",,1999,IMPORT,"3203239,17"
País Vasco,,1999,IMPORT,"7527595,68"
"Rioja, La",,1999,IMPORT,"565058,05"
Ceuta,,1999,IMPORT,"181611,58"
Melilla,,1999,IMPORT,"203711,64"
No determinado,,1999,IMPORT,"1065882,68"
Andalucía,,2000,EXPORT,"10115760,00"
Aragón,,2000,EXPORT,"5043571,70"
"Asturias, Principado de",,2000,EXPORT,"1682276,09"
"Balears, Illes",,2000,EXPORT,"883127,82"
Canarias,,2000,EXPORT,"873597,44"
Cantabria,,2000,EXPORT,"1444581,54"
Castilla y León,,2000,EXPORT,"8239010,09"
Castilla-La Mancha,,2000,EXPORT,"1837523,97"
Cataluña,,2000,EXPORT,"33538335,15"
Comunitat Valenciana,,2000,EXPORT,"15255469,02"
Extremadura,,2000,EXPORT,"690461,53"
Galicia,,2000,EXPORT,"8298579,83"
"Madrid, Comunidad de",,2000,EXPORT,"13878359,83"
"Murcia, Región de",,2000,EXPORT,"3184763,94"
"Navarra, Comunidad Foral de",,2000,EXPORT,"4805641,53"
País Vasco,,2000,EXPORT,"11623237,89"
"Rioja, La",,2000,EXPORT,"805313,41"
Ceuta,,2000,EXPORT,"98014,25"
Melilla,,2000,EXPORT,"374,50"
No determinado,,2000,EXPORT,"1879336,50"
Andalucía,,2000,IMPORT,"12127352,72"
Aragón,,2000,IMPORT,"5107161,53"
"Asturias, Principado de",,2000,IMPORT,"1960666,51"
"Balears, Illes",,2000,IMPORT,"1771890,66"
Canarias,,2000,IMPORT,"3757630,93"
Cantabria,,2000,IMPORT,"1458118,28"
Castilla y León,,2000,IMPORT,"8416081,52"
Castilla-La Mancha,,2000,IMPORT,"3332771,76"
Cataluña,,2000,IMPORT,"48670403,48"
Comunitat Valenciana,,2000,IMPORT,"12600303,04"
Extremadura,,2000,IMPORT,"371915,27"
Galicia,,2000,IMPORT,"8895689,35"
"Madrid, Comunidad de",,2000,IMPORT,"41270925,43"
"Murcia, Región de",,2000,IMPORT,"4079532,44"
"Navarra, Comunidad Foral de",,2000,IMPORT,"3829678,69"
País Vasco,,2000,IMPORT,"10315612,79"
"Rioja, La",,2000,IMPORT,"653047,04"
Ceuta,,2000,IMPORT,"232057,98"
Melilla,,2000,IMPORT,"190159,45"
No determinado,,2000,IMPORT,"427102,52"
Andalucía,,2001,EXPORT,"10204239,60"
Aragón,,2001,EXPORT,"5441044,75"
"Asturias, Principado de",,2001,EXPORT,"1577444,93"
"Balears, Illes",,2001,EXPORT,"1076572,52"
Canarias,,2001,EXPORT,"830455,52"
Cantabria,,2001,EXPORT,"1504469,05"
Castilla y León,,2001,EXPORT,"8252116,51"
Castilla-La Mancha,,2001,EXPORT,"1992666,16"
Cataluña,,2001,EXPORT,"36397286,35"
Comunitat Valenciana,,2001,EXPORT,"15909868,49"
Extremadura,,2001,EXPORT,"790691,27"
Galicia,,2001,EXPORT,"9266477,20"
"Madrid, Comunidad de",,2001,EXPORT,"14238489,76"
"Murcia, Región de",,2001,EXPORT,"3574479,91"
"Navarra, Comunidad Foral de",,2001,EXPORT,"4337953,04"
País Vasco,,2001,EXPORT,"11288354,73"
"Rioja, La",,2001,EXPORT,"846924,38"
Ceuta,,2001,EXPORT,"110206,49"
Melilla,,2001,EXPORT,"1727,59"
No determinado,,2001,EXPORT,"2129544,53"
Andalucía,,2001,IMPORT,"12034312,39"
Aragón,,2001,IMPORT,"5288181,66"
"Asturias, Principado de",,2001,IMPORT,"2054441,63"
"Balears, Illes",,2001,IMPORT,"1640213,11"
Canarias,,2001,IMPORT,"3680865,86"
Cantabria,,2001,IMPORT,"1637377,14"
Castilla y León,,2001,IMPORT,"8126338,90"
Castilla-La Mancha,,2001,IMPORT,"3724725,22"
Cataluña,,2001,IMPORT,"50318748,20"
Comunitat Valenciana,,2001,IMPORT,"13550466,73"
Extremadura,,2001,IMPORT,"387001,24"
Galicia,,2001,IMPORT,"9417989,07"
"Madrid, Comunidad de",,2001,IMPORT,"41481622,62"
"Murcia, Región de",,2001,IMPORT,"4390443,56"
"Navarra, Comunidad Foral de",,2001,IMPORT,"3930778,51"
País Vasco,,2001,IMPORT,"10010446,73"
"Rioja, La",,2001,IMPORT,"669470,96"
Ceuta,,2001,IMPORT,"244071,89"
Melilla,,2001,IMPORT,"170697,49"
No determinado,,2001,IMPORT,"451924,28"
Andalucía,,2002,EXPORT,"10349274,85"
Aragón,,2002,EXPORT,"5565473,87"
"Asturias, Principado de",,2002,EXPORT,"1807929,41"
"Balears, Illes",,2002,EXPORT,"1210919,25"
Canarias,,2002,EXPORT,"745302,12"
Cantabria,,2002,EXPORT,"1528013,17"
Castilla y León,,2002,EXPORT,"7918278,99"
Castilla-La Mancha,,2002,EXPORT,"2139238,33"
Cataluña,,2002,EXPORT,"36871945,00"
Comunitat Valenciana,,2002,EXPORT,"16930189,36"
Extremadura,,2002,EXPORT,"1190207,71"
Galicia,,2002,EXPORT,"9738107,51"
"Madrid, Comunidad de",,2002,EXPORT,"14386619,03"
"Murcia, Región de",,2002,EXPORT,"3843581,75"
"Navarra, Comunidad Foral de",,2002,EXPORT,"4430440,72"
País Vasco,,2002,EXPORT,"11399144,30"
"Rioja, La",,2002,EXPORT,"881209,73"
Ceuta,,2002,EXPORT,"92697,60"
Melilla,,2002,EXPORT,"427,22"
No determinado,,2002,EXPORT,"2238677,82"
Andalucía,,2002,IMPORT,"11031590,76"
Aragón,,2002,IMPORT,"5330995,66"
"Asturias, Principado de",,2002,IMPORT,"2160318,03"
"Balears, Illes",,2002,IMPORT,"1760281,16"
Canarias,,2002,IMPORT,"3297918,97"
Cantabria,,2002,IMPORT,"1461526,69"
Castilla y León,,2002,IMPORT,"7798748,77"
Castilla-La Mancha,,2002,IMPORT,"3868390,03"
Cataluña,,2002,IMPORT,"51616408,78"
Comunitat Valenciana,,2002,IMPORT,"13974677,07"
Extremadura,,2002,IMPORT,"442763,46"
Galicia,,2002,IMPORT,"9167012,96"
"Madrid, Comunidad de",,2002,IMPORT,"42573676,26"
"Murcia, Región de",,2002,IMPORT,"4841839,89"
"Navarra, Comunidad Foral de",,2002,IMPORT,"4086030,78"
País Vasco,,2002,IMPORT,"10168495,47"
"Rioja, La",,2002,IMPORT,"686884,58"
Ceuta,,2002,IMPORT,"199560,59"
Melilla,,2002,IMPORT,"175823,80"
No determinado,,2002,IMPORT,"624922,47"
Andalucía,,2003,EXPORT,"11205003,98"
Aragón,,2003,EXPORT,"6867606,40"
"Asturias, Principado de",,2003,EXPORT,"2107148,16"
"Balears, Illes",,2003,EXPORT,"966829,11"
Canarias,,2003,EXPORT,"727149,24"
Cantabria,,2003,EXPORT,"1443738,09"
Castilla y León,,2003,EXPORT,"8652513,77"
Castilla-La Mancha,,2003,EXPORT,"2199639,69"
Cataluña,,2003,EXPORT,"37276560,41"
Comunitat Valenciana,,2003,EXPORT,"16756051,71"
Extremadura,,2003,EXPORT,"1174937,36"
Galicia,,2003,EXPORT,"9957424,07"
"Madrid, Comunidad de",,2003,EXPORT,"14818368,57"
"Murcia, Región de",,2003,EXPORT,"4003903,78"
"Navarra, Comunidad Foral de",,2003,EXPORT,"5104122,07"
País Vasco,,2003,EXPORT,"11435891,81"
"Rioja, La",,2003,EXPORT,"891502,56"
Ceuta,,2003,EXPORT,"90183,50"
Melilla,,2003,EXPORT,"2853,55"
No determinado,,2003,EXPORT,"2437618,88"
Andalucía,,2003,IMPORT,"12087405,41"
Aragón,,2003,IMPORT,"6066979,56"
"Asturias, Principado de",,2003,IMPORT,"2156153,15"
"Balears, Illes",,2003,IMPORT,"1758552,70"
Canarias,,2003,IMPORT,"3652458,05"
Cantabria,,2003,IMPORT,"1678623,04"
Castilla y León,,2003,IMPORT,"8077853,40"
Castilla-La Mancha,,2003,IMPORT,"4510586,10"
Cataluña,,2003,IMPORT,"54033177,95"
Comunitat Valenciana,,2003,IMPORT,"14567140,07"
Extremadura,,2003,IMPORT,"552428,38"
Galicia,,2003,IMPORT,"10244554,39"
"Madrid, Comunidad de",,2003,IMPORT,"44161341,18"
"Murcia, Región de",,2003,IMPORT,"4951059,33"
"Navarra, Comunidad Foral de",,2003,IMPORT,"4138850,57"
País Vasco,,2003,IMPORT,"10491591,50"
"Rioja, La",,2003,IMPORT,"798826,92"
Ceuta,,2003,IMPORT,"178973,06"
Melilla,,2003,IMPORT,"162113,31"
No determinado,,2003,IMPORT,"845008,98"
Andalucía,,2004,EXPORT,"13141119,32"
Aragón,,2004,EXPORT,"7031490,21"
"Asturias, Principado de",,2004,EXPORT,"2302294,59"
"Balears, Illes",,2004,EXPORT,"1148512,79"
Canarias,,2004,EXPORT,"768314,32"
Cantabria,,2004,EXPORT,"1652521,68"
Castilla y León,,2004,EXPORT,"9212845,35"
Castilla-La Mancha,,2004,EXPORT,"2494512,87"
Cataluña,,2004,EXPORT,"39121069,06"
Comunitat Valenciana,,2004,EXPORT,"17281098,08"
Extremadura,,2004,EXPORT,"1078531,20"
Galicia,,2004,EXPORT,"10498731,87"
"Madrid, Comunidad de",,2004,EXPORT,"15400350,04"
"Murcia, Región de",,2004,EXPORT,"3872889,22"
"Navarra, Comunidad Foral de",,2004,EXPORT,"4915974,90"
País Vasco,,2004,EXPORT,"13265489,53"
"Rioja, La",,2004,EXPORT,"938777,74"
Ceuta,,2004,EXPORT,"84718,86"
Melilla,,2004,EXPORT,"2311,45"
No determinado,,2004,EXPORT,"2713169,39"
Andalucía,,2004,IMPORT,"14179727,82"
Aragón,,2004,IMPORT,"6575195,94"
"Asturias, Principado de",,2004,IMPORT,"2594130,05"
"Balears, Illes",,2004,IMPORT,"2058936,18"
Canarias,,2004,IMPORT,"3798107,88"
Cantabria,,2004,IMPORT,"1897975,13"
Castilla y León,,2004,IMPORT,"8955536,82"
Castilla-La Mancha,,2004,IMPORT,"5113374,40"
Cataluña,,2004,IMPORT,"60555785,81"
Comunitat Valenciana,,2004,IMPORT,"16787538,04"
Extremadura,,2004,IMPORT,"637606,21"
Galicia,,2004,IMPORT,"11006359,30"
"Madrid, Comunidad de",,2004,IMPORT,"48981310,64"
"Murcia, Región de",,2004,IMPORT,"6081257,85"
"Navarra, Comunidad Foral de",,2004,IMPORT,"4454419,34"
País Vasco,,2004,IMPORT,"12571051,03"
"Rioja, La",,2004,IMPORT,"755893,47"
Ceuta,,2004,IMPORT,"143614,92"
Melilla,,2004,IMPORT,"155653,15"
No determinado,,2004,IMPORT,"1107229,62"
Andalucía,,2005,EXPORT,"14196520,86"
Aragón,,2005,EXPORT,"7118301,63"
"Asturias, Principado de",,2005,EXPORT,"2425471,16"
"Balears, Illes",,2005,EXPORT,"1021019,12"
Canarias,,2005,EXPORT,"833701,06"
Cantabria,,2005,EXPORT,"1785313,97"
Castilla y León,,2005,EXPORT,"8949608,38"
Castilla-La Mancha,,2005,EXPORT,"2722649,08"
Cataluña,,2005,EXPORT,"42360915,71"
Comunitat Valenciana,,2005,EXPORT,"16956726,37"
Extremadura,,2005,EXPORT,"1013587,07"
Galicia,,2005,EXPORT,"12125213,56"
"Madrid, Comunidad de",,2005,EXPORT,"16874000,92"
"Murcia, Región de",,2005,EXPORT,"3974310,48"
"Navarra, Comunidad Foral de",,2005,EXPORT,"4887825,24"
País Vasco,,2005,EXPORT,"14126220,41"
"Rioja, La",,2005,EXPORT,"966935,54"
Ceuta,,2005,EXPORT,"115242,12"
Melilla,,2005,EXPORT,"1271,42"
No determinado,,2005,EXPORT,"2549899,87"
Andalucía,,2005,IMPORT,"17560729,04"
Aragón,,2005,IMPORT,"7093194,12"
"Asturias, Principado de",,2005,IMPORT,"3071576,98"
"Balears, Illes",,2005,IMPORT,"2099202,97"
Canarias,,2005,IMPORT,"4304490,96"
Cantabria,,2005,IMPORT,"2034779,14"
Castilla y León,,2005,IMPORT,"9186969,39"
Castilla-La Mancha,,2005,IMPORT,"4680648,65"
Cataluña,,2005,IMPORT,"67448572,60"
Comunitat Valenciana,,2005,IMPORT,"18365839,12"
Extremadura,,2005,IMPORT,"661985,20"
Galicia,,2005,IMPORT,"13752241,60"
"Madrid, Comunidad de",,2005,IMPORT,"52726913,74"
"Murcia, Región de",,2005,IMPORT,"8143630,15"
"Navarra, Comunidad Foral de",,2005,IMPORT,"4368867,20"
País Vasco,,2005,IMPORT,"14530777,17"
"Rioja, La",,2005,IMPORT,"751757,29"
Ceuta,,2005,IMPORT,"196259,59"
Melilla,,2005,IMPORT,"151967,37"
No determinado,,2005,IMPORT,"1824063,48"
Andalucía,,2006,EXPORT,"15771582,00"
Aragón,,2006,EXPORT,"7423990,34"
"Asturias, Principado de",,2006,EXPORT,"3151178,92"
"Balears, Illes",,2006,EXPORT,"1151166,96"
Canarias,,2006,EXPORT,"1274892,05"
Cantabria,,2006,EXPORT,"1966667,70"
Castilla y León,,2006,EXPORT,"9090222,57"
Castilla-La Mancha,,2006,EXPORT,"2904107,58"
Cataluña,,2006,EXPORT,"46775850,94"
Comunitat Valenciana,,2006,EXPORT,"18176363,18"
Extremadura,,2006,EXPORT,"974290,94"
Galicia,,2006,EXPORT,"14611641,83"
"Madrid, Comunidad de",,2006,EXPORT,"17878071,51"
"Murcia, Región de",,2006,EXPORT,"4157047,00"
"Navarra, Comunidad Foral de",,2006,EXPORT,"5492239,04"
País Vasco,,2006,EXPORT,"16622233,19"
"Rioja, La",,2006,EXPORT,"1045428,76"
Ceuta,,2006,EXPORT,"66694,95"
Melilla,,2006,EXPORT,"1957,85"
No determinado,,2006,EXPORT,"1902999,61"
Andalucía,,2006,IMPORT,"22018255,01"
Aragón,,2006,IMPORT,"8213662,98"
"Asturias, Principado de",,2006,IMPORT,"4208332,84"
"Balears, Illes",,2006,IMPORT,"2305898,33"
Canarias,,2006,IMPORT,"5081289,00"
Cantabria,,2006,IMPORT,"2276471,03"
Castilla y León,,2006,IMPORT,"9003471,31"
Castilla-La Mancha,,2006,IMPORT,"5927389,77"
Cataluña,,2006,IMPORT,"74523524,95"
Comunitat Valenciana,,2006,IMPORT,"20328610,73"
Extremadura,,2006,IMPORT,"963357,86"
Galicia,,2006,IMPORT,"15639405,65"
"Madrid, Comunidad de",,2006,IMPORT,"57662915,88"
"Murcia, Región de",,2006,IMPORT,"8523108,34"
"Navarra, Comunidad Foral de",,2006,IMPORT,"5250624,58"
País Vasco,,2006,IMPORT,"17475020,68"
"Rioja, La",,2006,IMPORT,"809132,10"
Ceuta,,2006,IMPORT,"226793,33"
Melilla,,2006,IMPORT,"188046,69"
No determinado,,2006,IMPORT,"2061878,42"
Andalucía,,2007,EXPORT,"15965997,86"
Aragón,,2007,EXPORT,"8753463,36"
"Asturias, Principado de",,2007,EXPORT,"3677163,23"
"Balears, Illes",,2007,EXPORT,"1585522,01"
Canarias,,2007,EXPORT,"1799205,12"
Cantabria,,2007,EXPORT,"2178772,19"
Castilla y León,,2007,EXPORT,"9768960,73"
Castilla-La Mancha,,2007,EXPORT,"3088563,13"
Cataluña,,2007,EXPORT,"49678311,92"
Comunitat Valenciana,,2007,EXPORT,"19650241,53"
Extremadura,,2007,EXPORT,"1082377,20"
Galicia,,2007,EXPORT,"16669172,93"
"Madrid, Comunidad de",,2007,EXPORT,"20289297,11"
"Murcia, Región de",,2007,EXPORT,"4410828,69"
"Navarra, Comunidad Foral de",,2007,EXPORT,"5728843,56"
País Vasco,,2007,EXPORT,"19072434,49"
"Rioja, La",,2007,EXPORT,"1144762,56"
Ceuta,,2007,EXPORT,"1466,37"
Melilla,,2007,EXPORT,"5008,76"
No determinado,,2007,EXPORT,"472824,75"
Andalucía,,2007,IMPORT,"24007009,08"
Aragón,,2007,IMPORT,"9047685,05"
"Asturias, Principado de",,2007,IMPORT,"4572955,13"
"Balears, Illes",,2007,IMPORT,"2070246,77"
Canarias,,2007,IMPORT,"5324701,97"
Cantabria,,2007,IMPORT,"2728942,24"
Castilla y León,,2007,IMPORT,"9709413,68"
Castilla-La Mancha,,2007,IMPORT,"8147603,41"
Cataluña,,2007,IMPORT,"80214939,06"
Comunitat Valenciana,,2007,IMPORT,"23498945,67"
Extremadura,,2007,IMPORT,"990759,74"
Galicia,,2007,IMPORT,"16150599,03"
"Madrid, Comunidad de",,2007,IMPORT,"62353700,32"
"Murcia, Región de",,2007,IMPORT,"8924097,28"
"Navarra, Comunidad Foral de",,2007,IMPORT,"5275206,92"
País Vasco,,2007,IMPORT,"18900417,71"
"Rioja, La",,2007,IMPORT,"927310,32"
Ceuta,,2007,IMPORT,"258449,71"
Melilla,,2007,IMPORT,"183495,78"
No determinado,,2007,IMPORT,"1751834,57"
Andalucía,,2008,EXPORT,"16832877,93"
Aragón,,2008,EXPORT,"8482588,51"
"Asturias, Principado de",,2008,EXPORT,"3177731,60"
"Balears, Illes",,2008,EXPORT,"1476641,00"
Canarias,,2008,EXPORT,"2215120,04"
Cantabria,,2008,EXPORT,"2403823,95"
Castilla y León,,2008,EXPORT,"9621666,37"
Castilla-La Mancha,,2008,EXPORT,"3242701,56"
Cataluña,,2008,EXPORT,"50514433,42"
Comunitat Valenciana,,2008,EXPORT,"19293282,50"
Extremadura,,2008,EXPORT,"1251672,20"
Galicia,,2008,EXPORT,"15739688,58"
"Madrid, Comunidad de",,2008,EXPORT,"21853779,02"
"Murcia, Región de",,2008,EXPORT,"4588273,34"
"Navarra, Comunidad Foral de",,2008,EXPORT,"6378934,36"
País Vasco,,2008,EXPORT,"20279233,70"
"Rioja, La",,2008,EXPORT,"1255768,40"
Ceuta,,2008,EXPORT,"2572,19"
Melilla,,2008,EXPORT,"9946,79"
No determinado,,2008,EXPORT,"607115,96"
Andalucía,,2008,IMPORT,"27371277,78"
Aragón,,2008,IMPORT,"8054050,11"
"Asturias, Principado de",,2008,IMPORT,"4760074,11"
"Balears, Illes",,2008,IMPORT,"1850192,69"
Canarias,,2008,IMPORT,"5506745,53"
Cantabria,,2008,IMPORT,"2640295,21"
Castilla y León,,2008,IMPORT,"9016951,93"
Castilla-La Mancha,,2008,IMPORT,"6666586,36"
Cataluña,,2008,IMPORT,"77126946,18"
Comunitat Valenciana,,2008,IMPORT,"23372376,05"
Extremadura,,2008,IMPORT,"1357555,48"
Galicia,,2008,IMPORT,"15496199,04"
"Madrid, Comunidad de",,2008,IMPORT,"61775340,94"
"Murcia, Región de",,2008,IMPORT,"10287285,12"
"Navarra, Comunidad Foral de",,2008,IMPORT,"4908592,58"
País Vasco,,2008,IMPORT,"20117426,42"
"Rioja, La",,2008,IMPORT,"924435,93"
Ceuta,,2008,IMPORT,"296422,89"
Melilla,,2008,IMPORT,"155310,54"
No determinado,,2008,IMPORT,"1703699,47"
Andalucía,,2009,EXPORT,"14477561,07"
Aragón,,2009,EXPORT,"7100359,34"
"Asturias, Principado de",,2009,EXPORT,"2573414,53"
"Balears, Illes",,2009,EXPORT,"1193436,79"
Canarias,,2009,EXPORT,"1542721,36"
Cantabria,,2009,EXPORT,"1832383,72"
Castilla y León,,2009,EXPORT,"9360193,39"
Castilla-La Mancha,,2009,EXPORT,"2953670,38"
Cataluña,,2009,EXPORT,"41460903,86"
Comunitat Valenciana,,2009,EXPORT,"16962166,63"
Extremadura,,2009,EXPORT,"1171390,89"
Galicia,,2009,EXPORT,"13957317,87"
"Madrid, Comunidad de",,2009,EXPORT,"18997387,18"
"Murcia, Región de",,2009,EXPORT,"4367759,71"
"Navarra, Comunidad Foral de",,2009,EXPORT,"5477912,47"
País Vasco,,2009,EXPORT,"14942237,36"
"Rioja, La",,2009,EXPORT,"1126054,42"
Ceuta,,2009,EXPORT,"174,53"
Melilla,,2009,EXPORT,"6785,10"
No determinado,,2009,EXPORT,"385719,56"
Andalucía,,2009,IMPORT,"18073077,19"
Aragón,,2009,IMPORT,"6136124,90"
"Asturias, Principado de",,2009,IMPORT,"2864645,72"
"Balears, Illes",,2009,IMPORT,"1155977,58"
Canarias,,2009,IMPORT,"3674428,23"
Cantabria,,2009,IMPORT,"1510951,68"
Castilla y León,,2009,IMPORT,"7860785,04"
Castilla-La Mancha,,2009,IMPORT,"4748552,50"
Cataluña,,2009,IMPORT,"57456240,83"
Comunitat Valenciana,,2009,IMPORT,"16253905,29"
Extremadura,,2009,IMPORT,"919985,34"
Galicia,,2009,IMPORT,"13164248,79"
"Madrid, Comunidad de",,2009,IMPORT,"47370128,81"
"Murcia, Región de",,2009,IMPORT,"6433265,77"
"Navarra, Comunidad Foral de",,2009,IMPORT,"3569925,82"
País Vasco,,2009,IMPORT,"12294151,63"
"Rioja, La",,2009,IMPORT,"791140,66"
Ceuta,,2009,IMPORT,"234121,61"
Melilla,,2009,IMPORT,"140280,07"
No determinado,,2009,IMPORT,"1464237,07"
Andalucía,,2010,EXPORT,"18772152,33"
Aragón,,2010,EXPORT,"8434828,11"
"Asturias, Principado de",,2010,EXPORT,"3368750,83"
"Balears, Illes",,2010,EXPORT,"874199,46"
Canarias,,2010,EXPORT,"1970306,18"
Cantabria,,2010,EXPORT,"2283569,80"
Castilla y León,,2010,EXPORT,"10400596,40"
Castilla-La Mancha,,2010,EXPORT,"3373173,28"
Cataluña,,2010,EXPORT,"48866294,55"
Comunitat Valenciana,,2010,EXPORT,"18732322,47"
Extremadura,,2010,EXPORT,"1256819,36"
Galicia,,2010,EXPORT,"14911917,91"
"Madrid, Comunidad de",,2010,EXPORT,"21331855,95"
"Murcia, Región de",,2010,EXPORT,"4994919,86"
"Navarra, Comunidad Foral de",,2010,EXPORT,"7402217,95"
País Vasco,,2010,EXPORT,"17874520,10"
"Rioja, La",,2010,EXPORT,"1299930,30"
Ceuta,,2010,EXPORT,"78,03"
Melilla,,2010,EXPORT,"3581,14"
No determinado,,2010,EXPORT,"628036,54"
Andalucía,,2010,IMPORT,"23266989,89"
Aragón,,2010,IMPORT,"7089854,92"
"Asturias, Principado de",,2010,IMPORT,"3713801,93"
"Balears, Illes",,2010,IMPORT,"1565089,96"
Canarias,,2010,IMPORT,"4712742,08"
Cantabria,,2010,IMPORT,"1957805,90"
Castilla y León,,2010,IMPORT,"9017293,43"
Castilla-La Mancha,,2010,IMPORT,"5201416,66"
Cataluña,,2010,IMPORT,"67296194,92"
Comunitat Valenciana,,2010,IMPORT,"19461463,70"
Extremadura,,2010,IMPORT,"976530,89"
Galicia,,2010,IMPORT,"13699696,18"
"Madrid, Comunidad de",,2010,IMPORT,"51413383,93"
"Murcia, Región de",,2010,IMPORT,"7542306,80"
"Navarra, Comunidad Foral de",,2010,IMPORT,"4493313,93"
País Vasco,,2010,IMPORT,"15430269,64"
"Rioja, La",,2010,IMPORT,"981365,62"
Ceuta,,2010,IMPORT,"271453,49"
Melilla,,2010,IMPORT,"124673,41"
No determinado,,2010,IMPORT,"1840202,81"
Andalucía,,2011,EXPORT,"22961436,08"
Aragón,,2011,EXPORT,"9208693,47"
"Asturias, Principado de",,2011,EXPORT,"3767381,07"
"Balears, Illes",,2011,EXPORT,"863979,61"
Canarias,,2011,EXPORT,"2460967,41"
Cantabria,,2011,EXPORT,"2678550,72"
Castilla y León,,2011,EXPORT,"12018448,98"
Castilla-La Mancha,,2011,EXPORT,"3989967,54"
Cataluña,,2011,EXPORT,"54954921,03"
Comunitat Valenciana,,2011,EXPORT,"20243283,03"
Extremadura,,2011,EXPORT,"1464296,02"
Galicia,,2011,EXPORT,"17146274,55"
"Madrid, Comunidad de",,2011,EXPORT,"26722324,25"
"Murcia, Región de",,2011,EXPORT,"5470124,65"
"Navarra, Comunidad Foral de",,2011,EXPORT,"8302314,59"
País Vasco,,2011,EXPORT,"20487285,27"
"Rioja, La",,2011,EXPORT,"1489899,10"
Ceuta,,2011,EXPORT,"333,83"
Melilla,,2011,EXPORT,"3969,83"
No determinado,,2011,EXPORT,"995919,67"
Andalucía,,2011,IMPORT,"29375998,39"
Aragón,,2011,IMPORT,"7988288,93"
"Asturias, Principado de",,2011,IMPORT,"4193201,94"
"Balears, Illes",,2011,IMPORT,"1504534,73"
Canarias,,2011,IMPORT,"4731329,66"
Cantabria,,2011,IMPORT,"1990039,92"
Castilla y León,,2011,IMPORT,"10352938,14"
Castilla-La Mancha,,2011,IMPORT,"5124881,26"
Cataluña,,2011,IMPORT,"71536729,42"
Comunitat Valenciana,,2011,IMPORT,"20636488,12"
Extremadura,,2011,IMPORT,"1016001,74"
Galicia,,2011,IMPORT,"14332308,99"
"Madrid, Comunidad de",,2011,IMPORT,"53390275,64"
"Murcia, Región de",,2011,IMPORT,"10301192,65"
"Navarra, Comunidad Foral de",,2011,IMPORT,"5360484,71"
País Vasco,,2011,IMPORT,"17308692,08"
"Rioja, La",,2011,IMPORT,"1121471,68"
Ceuta,,2011,IMPORT,"389684,56"
Melilla,,2011,IMPORT,"160072,00"
No determinado,,2011,IMPORT,"2326126,11"
Andalucía,,2012,EXPORT,"25239832,37"
Aragón,,2012,EXPORT,"8791926,12"
"Asturias, Principado de",,2012,EXPORT,"3837546,12"
"Balears, Illes",,2012,EXPORT,"1016215,75"
Canarias,,2012,EXPORT,"2564839,07"
Cantabria,,2012,EXPORT,"2713359,91"
Castilla y León,,2012,EXPORT,"11705715,24"
Castilla-La Mancha,,2012,EXPORT,"4336152,67"
Cataluña,,2012,EXPORT,"58853248,44"
Comunitat Valenciana,,2012,EXPORT,"20941195,74"
Extremadura,,2012,EXPORT,"1667114,34"
Galicia,,2012,EXPORT,"16662801,52"
"Madrid, Comunidad de",,2012,EXPORT,"27941684,59"
"Murcia, Región de",,2012,EXPORT,"8956223,44"
"Navarra, Comunidad Foral de",,2012,EXPORT,"7235764,41"
País Vasco,,2012,EXPORT,"20970808,93"
"Rioja, La",,2012,EXPORT,"1474745,68"
Ceuta,,2012,EXPORT,"2760,74"
Melilla,,2012,EXPORT,"77753,99"
No determinado,,2012,EXPORT,"1124904,92"
Andalucía,,2012,IMPORT,"31536795,72"
Aragón,,2012,IMPORT,"6824025,81"
"Asturias, Principado de",,2012,IMPORT,"3868118,98"
"Balears, Illes",,2012,IMPORT,"1415289,18"
Canarias,,2012,IMPORT,"4788053,00"
Cantabria,,2012,IMPORT,"1754468,90"
Castilla y León,,2012,IMPORT,"10875994,52"
Castilla-La Mancha,,2012,IMPORT,"4897559,00"
Cataluña,,2012,IMPORT,"69770083,51"
Comunitat Valenciana,,2012,IMPORT,"19309424,78"
Extremadura,,2012,IMPORT,"943388,89"
Galicia,,2012,IMPORT,"15008875,89"
"Madrid, Comunidad de",,2012,IMPORT,"50338638,62"
"Murcia, Región de",,2012,IMPORT,"12700044,42"
"Navarra, Comunidad Foral de",,2012,IMPORT,"4323873,79"
País Vasco,,2012,IMPORT,"15822249,67"
"Rioja, La",,2012,IMPORT,"995293,20"
Ceuta,,2012,IMPORT,"494901,61"
Melilla,,2012,IMPORT,"225688,99"
No determinado,,2012,IMPORT,"2052862,54"
Andalucía,,2013,EXPORT,"26124613,13"
Aragón,,2013,EXPORT,"8866919,87"
"Asturias, Principado de",,2013,EXPORT,"3843552,12"
"Balears, Illes",,2013,EXPORT,"834048,03"
Canarias,,2013,EXPORT,"2619270,99"
Cantabria,,2013,EXPORT,"2457512,98"
Castilla y León,,2013,EXPORT,"12270967,13"
Castilla-La Mancha,,2013,EXPORT,"4866348,03"
Cataluña,,2013,EXPORT,"58957199,43"
Comunitat Valenciana,,2013,EXPORT,"23608792,09"
Extremadura,,2013,EXPORT,"1667551,59"
Galicia,,2013,EXPORT,"18758159,61"
"Madrid, Comunidad de",,2013,EXPORT,"30771354,83"
"Murcia, Región de",,2013,EXPORT,"9353003,70"
"Navarra, Comunidad Foral de",,2013,EXPORT,"7447174,86"
País Vasco,,2013,EXPORT,"20631306,90"
"Rioja, La",,2013,EXPORT,"1510752,63"
Ceuta,,2013,EXPORT,"3079,18"
Melilla,,2013,EXPORT,"34228,34"
No determinado,,2013,EXPORT,"1188233,59"
Andalucía,,2013,IMPORT,"30625796,07"
Aragón,,2013,IMPORT,"6965695,10"
"Asturias, Principado de",,2013,IMPORT,"3440649,85"
"Balears, Illes",,2013,IMPORT,"1383519,50"
Canarias,,2013,IMPORT,"4362912,23"
Cantabria,,2013,IMPORT,"1742772,54"
Castilla y León,,2013,IMPORT,"10770159,09"
Castilla-La Mancha,,2013,IMPORT,"5717273,30"
Cataluña,,2013,IMPORT,"67380841,91"
Comunitat Valenciana,,2013,IMPORT,"20837576,29"
Extremadura,,2013,IMPORT,"1123242,84"
Galicia,,2013,IMPORT,"14639492,12"
"Madrid, Comunidad de",,2013,IMPORT,"47579316,98"
"Murcia, Región de",,2013,IMPORT,"11912434,82"
"Navarra, Comunidad Foral de",,2013,IMPORT,"3916555,24"
País Vasco,,2013,IMPORT,"15951762,25"
"Rioja, La",,2013,IMPORT,"1067085,89"
Ceuta,,2013,IMPORT,"399260,24"
Melilla,,2013,IMPORT,"248261,10"
No determinado,,2013,IMPORT,"2282167,88"
Andalucía,,2014,EXPORT,"26649647,24"
Aragón,,2014,EXPORT,"9382350,24"
"Asturias, Principado de",,2014,EXPORT,"3838357,85"
"Balears, Illes",,2014,EXPORT,"924033,64"
Canarias,,2014,EXPORT,"2392544,30"
Cantabria,,2014,EXPORT,"2546456,31"
Castilla y León,,2014,EXPORT,"12751882,38"
Castilla-La Mancha,,2014,EXPORT,"5398869,74"
Cataluña,,2014,EXPORT,"60291197,30"
Comunitat Valenciana,,2014,EXPORT,"25001065,73"
Extremadura,,2014,EXPORT,"1673742,66"
Galicia,,2014,EXPORT,"17809745,80"
"Madrid, Comunidad de",,2014,EXPORT,"27731362,08"
"Murcia, Región de",,2014,EXPORT,"10440709,34"
"Navarra, Comunidad Foral de",,2014,EXPORT,"8141092,16"
País Vasco,,2014,EXPORT,"22501045,49"
"Rioja, La",,2014,EXPORT,"1644356,14"
Ceuta,,2014,EXPORT,"7898,78"
Melilla,,2014,EXPORT,"30042,31"
No determinado,,2014,EXPORT,"1425430,74"
Andalucía,,2014,IMPORT,"30957911,53"
Aragón,,2014,IMPORT,"8552928,58"
"Asturias, Principado de",,2014,IMPORT,"3342043,94"
"Balears, Illes",,2014,IMPORT,"1455041,74"
Canarias,,2014,IMPORT,"3555991,68"
Cantabria,,2014,IMPORT,"1861308,64"
Castilla y León,,2014,IMPORT,"12243969,38"
Castilla-La Mancha,,2014,IMPORT,"5974237,80"
Cataluña,,2014,IMPORT,"72220520,85"
Comunitat Valenciana,,2014,IMPORT,"21372933,86"
Extremadura,,2014,IMPORT,"980445,50"
Galicia,,2014,IMPORT,"14413310,93"
"Madrid, Comunidad de",,2014,IMPORT,"50863559,91"
"Murcia, Región de",,2014,IMPORT,"11959830,34"
"Navarra, Comunidad Foral de",,2014,IMPORT,"4162712,85"
País Vasco,,2014,IMPORT,"17131421,83"
"Rioja, La",,2014,IMPORT,"1154438,65"
Ceuta,,2014,IMPORT,"380001,72"
Melilla,,2014,IMPORT,"262067,87"
No determinado,,2014,IMPORT,"2711929,28"
Andalucía,,2015,EXPORT,"24930489,63"
Aragón,,2015,EXPORT,"10571049,75"
"Asturias, Principado de",,2015,EXPORT,"3790972,89"
"Balears, Illes",,2015,EXPORT,"1157188,83"
Canarias,,2015,EXPORT,"2452580,06"
Cantabria,,2015,EXPORT,"2342121,33"
Castilla y León,,2015,EXPORT,"14881450,22"
Castilla-La Mancha,,2015,EXPORT,"6013480,15"
Cataluña,,2015,EXPORT,"63885160,86"
Comunitat Valenciana,,2015,EXPORT,"28219623,82"
Extremadura,,2015,EXPORT,"1720432,32"
Galicia,,2015,EXPORT,"18924031,28"
"Madrid, Comunidad de",,2015,EXPORT,"27775801,69"
"Murcia, Región de",,2015,EXPORT,"9379162,97"
"Navarra, Comunidad Foral de",,2015,EXPORT,"8539726,54"
País Vasco,,2015,EXPORT,"21865502,37"
"Rioja, La",,2015,EXPORT,"1699992,24"
Ceuta,,2015,EXPORT,"6864,66"
Melilla,,2015,EXPORT,"43024,85"
No determinado,,2015,EXPORT,"1595759,21"
Andalucía,,2015,IMPORT,"26534418,79"
Aragón,,2015,IMPORT,"10270747,98"
"Asturias, Principado de",,2015,IMPORT,"3226113,76"
"Balears, Illes",,2015,IMPORT,"1568997,59"
Canarias,,2015,IMPORT,"2991511,86"
Cantabria,,2015,IMPORT,"1980214,00"
Castilla y León,,2015,IMPORT,"12478074,78"
Castilla-La Mancha,,2015,IMPORT,"6633761,90"
Cataluña,,2015,IMPORT,"76177776,65"
Comunitat Valenciana,,2015,IMPORT,"23682591,05"
Extremadura,,2015,IMPORT,"1055662,03"
Galicia,,2015,IMPORT,"15108545,65"
"Madrid, Comunidad de",,2015,IMPORT,"57719988,41"
"Murcia, Región de",,2015,IMPORT,"8965056,89"
"Navarra, Comunidad Foral de",,2015,IMPORT,"4578203,80"
País Vasco,,2015,IMPORT,"16818805,02"
"Rioja, La",,2015,IMPORT,"1212972,73"
Ceuta,,2015,IMPORT,"320165,37"
Melilla,,2015,IMPORT,"281387,77"
No determinado,,2015,IMPORT,"3167334,17"
Andalucía,,2016,EXPORT,"26823152,89"
Aragón,,2016,EXPORT,"10895092,26"
"Asturias, Principado de",,2016,EXPORT,"3510749,66"
"Balears, Illes",,2016,EXPORT,"1167155,42"
Canarias,,2016,EXPORT,"2061813,92"
Cantabria,,2016,EXPORT,"2345196,33"
Castilla y León,,2016,EXPORT,"16329159,84"
Castilla-La Mancha,,2016,EXPORT,"6426200,88"
Cataluña,,2016,EXPORT,"65142104,93"
Comunitat Valenciana,,2016,EXPORT,"28665508,31"
Extremadura,,2016,EXPORT,"1689249,58"
Galicia,,2016,EXPORT,"19981258,17"
"Madrid, Comunidad de",,2016,EXPORT,"28759669,33"
"Murcia, Región de",,2016,EXPORT,"9026232,67"
"Navarra, Comunidad Foral de",,2016,EXPORT,"8437213,66"
País Vasco,,2016,EXPORT,"21615366,83"
"Rioja, La",,2016,EXPORT,"1704420,36"
Ceuta,,2016,EXPORT,"3092,64"
Melilla,,2016,EXPORT,"48302,99"
No determinado,,2016,EXPORT,"1762439,41"
Andalucía,,2016,IMPORT,"24282037,01"
Aragón,,2016,IMPORT,"10407366,23"
"Asturias, Principado de",,2016,IMPORT,"3087610,36"
"Balears, Illes",,2016,IMPORT,"1417366,64"
Canarias,,2016,IMPORT,"3391931,27"
Cantabria,,2016,IMPORT,"1793682,30"
Castilla y León,,2016,IMPORT,"12703581,89"
Castilla-La Mancha,,2016,IMPORT,"7467873,39"
Cataluña,,2016,IMPORT,"77627131,30"
Comunitat Valenciana,,2016,IMPORT,"23884728,97"
Extremadura,,2016,IMPORT,"1077191,68"
Galicia,,2016,IMPORT,"15508539,33"
"Madrid, Comunidad de",,2016,IMPORT,"58363026,25"
"Murcia, Región de",,2016,IMPORT,"8024808,01"
"Navarra, Comunidad Foral de",,2016,IMPORT,"4542301,17"
País Vasco,,2016,IMPORT,"15583395,00"
"Rioja, La",,2016,IMPORT,"1245586,08"
Ceuta,,2016,IMPORT,"314477,87"
Melilla,,2016,IMPORT,"292215,67"
No determinado,,2016,IMPORT,"2763748,97"
Andalucía,,2017,EXPORT,"30506661,76"
Aragón,,2017,EXPORT,"11800573,47"
"Asturias, Principado de",,2017,EXPORT,"4604025,57"
"Balears, Illes",,2017,EXPORT,"1854817,27"
Canarias,,2017,EXPORT,"2662815,52"
Cantabria,,2017,EXPORT,"2419910,73"
Castilla y León,,2017,EXPORT,"15512466,19"
Castilla-La Mancha,,2017,EXPORT,"7073152,86"
Cataluña,,2017,EXPORT,"69646791,69"
Comunitat Valenciana,,2017,EXPORT,"29525249,78"
Extremadura,,2017,EXPORT,"1941913,82"
Galicia,,2017,EXPORT,"21798363,92"
"Madrid, Comunidad de",,2017,EXPORT,"30000501,18"
"Murcia, Región de",,2017,EXPORT,"10538045,41"
"Navarra, Comunidad Foral de",,2017,EXPORT,"8105915,32"
País Vasco,,2017,EXPORT,"24108526,06"
"Rioja, La",,2017,EXPORT,"1848064,03"
Ceuta,,2017,EXPORT,"20768,13"
Melilla,,2017,EXPORT,"49653,89"
No determinado,,2017,EXPORT,"2124689,95"
Andalucía,,2017,IMPORT,"29059897,59"
Aragón,,2017,IMPORT,"10909512,02"
"Asturias, Principado de",,2017,IMPORT,"4201535,04"
"Balears, Illes",,2017,IMPORT,"1785777,64"
Canarias,,2017,IMPORT,"4303865,36"
Cantabria,,2017,IMPORT,"1967147,12"
Castilla y León,,2017,IMPORT,"13445777,31"
Castilla-La Mancha,,2017,IMPORT,"8501622,34"
Cataluña,,2017,IMPORT,"84606170,48"
Comunitat Valenciana,,2017,IMPORT,"26119460,55"
Extremadura,,2017,IMPORT,"1203275,48"
Galicia,,2017,IMPORT,"17199724,22"
"Madrid, Comunidad de",,2017,IMPORT,"60861834,24"
"Murcia, Región de",,2017,IMPORT,"9636972,79"
"Navarra, Comunidad Foral de",,2017,IMPORT,"4469226,68"
País Vasco,,2017,IMPORT,"18695108,37"
"Rioja, La",,2017,IMPORT,"1357603,93"
Ceuta,,2017,IMPORT,"305130,79"
Melilla,,2017,IMPORT,"238025,79"
No determinado,,2017,IMPORT,"3563490,71"
Andalucía,,2018,EXPORT,"32439282,72"
Aragón,,2018,EXPORT,"11915694,35"
"Asturias, Principado de",,2018,EXPORT,"4315491,08"
"Balears, Illes",,2018,EXPORT,"1957410,04"
Canarias,,2018,EXPORT,"2782780,36"
Cantabria,,2018,EXPORT,"2580087,60"
Castilla y León,,2018,EXPORT,"15264125,40"
Castilla-La Mancha,,2018,EXPORT,"7296899,25"
Cataluña,,2018,EXPORT,"71623809,91"
Comunitat Valenciana,,2018,EXPORT,"30324356,30"
Extremadura,,2018,EXPORT,"2010275,68"
Galicia,,2018,EXPORT,"22857444,27"
"Madrid, Comunidad de",,2018,EXPORT,"30174417,99"
"Murcia, Región de",,2018,EXPORT,"10747306,47"
"Navarra, Comunidad Foral de",,2018,EXPORT,"9095235,65"
País Vasco,,2018,EXPORT,"25472703,76"
"Rioja, La",,2018,EXPORT,"1853395,82"
Ceuta,,2018,EXPORT,"12539,80"
Melilla,,2018,EXPORT,"27256,74"
No determinado,,2018,EXPORT,"2273409,21"
Andalucía,,2018,IMPORT,"32518849,54"
Aragón,,2018,IMPORT,"11760274,73"
"Asturias, Principado de",,2018,IMPORT,"4431773,87"
"Balears, Illes",,2018,IMPORT,"1766407,90"
Canarias,,2018,IMPORT,"3964476,13"
Cantabria,,2018,IMPORT,"2097311,75"
Castilla y León,,2018,IMPORT,"13174914,97"
Castilla-La Mancha,,2018,IMPORT,"9223430,08"
Cataluña,,2018,IMPORT,"90178016,57"
Comunitat Valenciana,,2018,IMPORT,"27464527,95"
Extremadura,,2018,IMPORT,"1285614,40"
Galicia,,2018,IMPORT,"19021971,61"
"Madrid, Comunidad de",,2018,IMPORT,"61508259,25"
"Murcia, Región de",,2018,IMPORT,"10822203,15"
"Navarra, Comunidad Foral de",,2018,IMPORT,"4843396,01"
País Vasco,,2018,IMPORT,"20284714,19"
"Rioja, La",,2018,IMPORT,"1438289,61"
Ceuta,,2018,IMPORT,"220687,42"
Melilla,,2018,IMPORT,"121877,44"
No determinado,,2018,IMPORT,"2736936,20"
Andalucía,,2019,EXPORT,"21832546,23"
Aragón,,2019,EXPORT,"8796201,99"
"Asturias, Principado de",,2019,EXPORT,"3324187,70"
"Balears, Illes",,2019,EXPORT,"1073051,97"
Canarias,,2019,EXPORT,"1790787,29"
Cantabria,,2019,EXPORT,"1823096,97"
Castilla y León,,2019,EXPORT,"9416480,35"
Castilla-La Mancha,,2019,EXPORT,"4871784,91"
Cataluña,,2019,EXPORT,"48996510,60"
Comunitat Valenciana,,2019,EXPORT,"20777712,45"
Extremadura,,2019,EXPORT,"1427600,06"
Galicia,,2019,EXPORT,"14041156,30"
"Madrid, Comunidad de",,2019,EXPORT,"20558018,56"
"Murcia, Región de",,2019,EXPORT,"7245468,82"
"Navarra, Comunidad Foral de",,2019,EXPORT,"6615119,78"
País Vasco,,2019,EXPORT,"16734611,44"
"Rioja, La",,2019,EXPORT,"1263846,10"
Ceuta,,2019,EXPORT,"5060,92"
Melilla,,2019,EXPORT,"12598,38"
No determinado,,2019,EXPORT,"1525380,47"
Andalucía,,2019,IMPORT,"19992053,43"
Aragón,,2019,IMPORT,"7540510,88"
"Asturias, Principado de",,2019,IMPORT,"2744854,27"
"Balears, Illes",,2019,IMPORT,"1119651,39"
Canarias,,2019,IMPORT,"2317586,43"
Cantabria,,2019,IMPORT,"1435807,25"
Castilla y León,,2019,IMPORT,"8071144,37"
Castilla-La Mancha,,2019,IMPORT,"5763187,53"
Cataluña,,2019,IMPORT,"62368708,45"
Comunitat Valenciana,,2019,IMPORT,"19049688,37"
Extremadura,,2019,IMPORT,"882524,70"
Galicia,,2019,IMPORT,"12888265,39"
"Madrid, Comunidad de",,2019,IMPORT,"41705273,97"
"Murcia, Región de",,2019,IMPORT,"7523889,95"
"Navarra, Comunidad Foral de",,2019,IMPORT,"3482517,89"
País Vasco,,2019,IMPORT,"13516062,81"
"Rioja, La",,2019,IMPORT,"961037,48"
Ceuta,,2019,IMPORT,"170853,32"
Melilla,,2019,IMPORT,"69188,96"
No determinado,,2019,IMPORT,"1711576,38"
